{
  "name": "PPMS_Project",
  "type": "project:application",
  "platform": {
    "id": "aspnetcore",
    "displayName": "ASP.NET Core",
    "output": "wwwroot/scripts",
    "index": "wwwroot/index.html",
    "baseDir": "./wwwroot",
    "baseUrl": "scripts"
  },
  "transpiler": {
    "id": "babel",
    "displayName": "Babel",
    "fileExtension": ".js",
    "options": {
      "plugins": [
        "transform-es2015-modules-amd"
      ]
    },
    "source": "src/**/*.js"
  },
  "markupProcessor": {
    "id": "none",
    "displayName": "None",
    "fileExtension": ".html",
    "source": "src/**/*.html"
  },
  "cssProcessor": {
    "id": "none",
    "displayName": "None",
    "fileExtension": ".css",
    "source": "src/**/*.css"
  },
  "editor": {
    "id": "visualstudio",
    "displayName": "Visual Studio"
  },
  "unitTestRunner": {
    "id": "none",
    "displayName": "None"
  },
  "paths": {
    "root": "src",
    "resources": "resources",
    "elements": "resources/elements",
    "attributes": "resources/attributes",
    "valueConverters": "resources/value-converters",
    "bindingBehaviors": "resources/binding-behaviors"
  },
  "build": {
    "targets": [
      {
        "id": "aspnetcore",
        "displayName": "ASP.NET Core",
        "output": "wwwroot/scripts",
        "index": "wwwroot/index.html",
        "baseDir": "./wwwroot",
        "baseUrl": "scripts"
      }
    ],
    "loader": {
      "type": "require",
      "configTarget": "vendor-bundle.js",
      "includeBundleMetadataInConfig": "auto",
      "plugins": [
        {
          "name": "text",
          "extensions": [
            ".html",
            ".css"
          ],
          "stub": true
        }
      ]
    },
    "options": {
      "minify": "stage & prod",
      "sourcemaps": "dev & stage"
    },
    "bundles": [
      {
        "name": "app-bundle.js",
        "source": [
          "[**/*.js]",
          "**/*.{css,html}"
        ]
      },
      {
        "name": "vendor-bundle.js",
        "prepend": [
          "node_modules/bluebird/js/browser/bluebird.core.js",
          "node_modules/aurelia-cli/lib/resources/scripts/configure-bluebird.js",
          "node_modules/requirejs/require.js"
        ],
        "dependencies": [
          "jquery",
          "toastr",
          "moment",
          "numeral",
          "typeahead",
          "underscore",
          "aurelia-binding",
          "aurelia-bootstrapper",
          "aurelia-dependency-injection",
          "aurelia-event-aggregator",
          "aurelia-framework",
          "aurelia-history",
          "aurelia-history-browser",
          "aurelia-loader",
          "aurelia-loader-default",
          "aurelia-logging",
          "aurelia-logging-console",
          "aurelia-metadata",
          "aurelia-pal",
          "aurelia-pal-browser",
          "aurelia-path",
          "aurelia-polyfills",
          "aurelia-route-recognizer",
          "aurelia-router",
          "aurelia-task-queue",
          "aurelia-templating",
          "aurelia-templating-binding",
          "aurelia-fetch-client",
          "aurelia-http-client",

          "aurelia-animator-css",
          {
            "name": "aurelia-dialog",
            "path": "../node_modules/aurelia-dialog/dist/amd",
            "main": "aurelia-dialog"
          },
          "aurelia-breeze",
          {
            "name": "bootstrap",
            "path": "../node_modules/bootstrap/dist",
            "main": "js/bootstrap.min",
            "deps": [ "jquery" ],
            "exports": "$",
            "resources": ["css/bootstrap.css"]
          },
          "bootstrap-datepicker",
          {
            "name": "Q",
            "path": "../node_modules/q",
            "main": "q"
          },
          {
            "name": "datajs",
            "path": "../node_modules/datajs/lib",
            "main": "datajs"
          },
          {
            "name": "breeze-client",
            "path": "../node_modules/breeze-client",
            "main": "breeze.debug"
          },
          "text",
          {
            "name": "aurelia-templating-resources",
            "path": "../node_modules/aurelia-templating-resources/dist/amd",
            "main": "aurelia-templating-resources"
          },
          {
            "name": "aurelia-templating-router",
            "path": "../node_modules/aurelia-templating-router/dist/amd",
            "main": "aurelia-templating-router"
          },
          {
            "name": "aurelia-testing",
            "path": "../node_modules/aurelia-testing/dist/amd",
            "main": "aurelia-testing",
            "env": "dev"
          }


        ]
      }
    ]
  }
}